categoria,chave_no_catalogo.js,item,busca_sugerida,link_afiliado,ok
impressora,LINKS_AFILIADO_IMPRESSORA.ender3v3se,Creality Ender 3 V3 SE,Creality Ender 3 V3 SE impressora 3D,,
impressora,LINKS_AFILIADO_IMPRESSORA.kobra3,Anycubic Kobra 3,Anycubic Kobra 3 impressora 3D,,
impressora,LINKS_AFILIADO_IMPRESSORA.crealityhi,Creality Hi,Creality Hi impressora 3D,,
impressora,LINKS_AFILIADO_IMPRESSORA.a1mini,Bambu Lab A1 mini,Bambu Lab A1 mini impressora 3D,,
impressora,LINKS_AFILIADO_IMPRESSORA.a1,Bambu Lab A1,Bambu Lab A1 impressora 3D,,
impressora,LINKS_AFILIADO_IMPRESSORA.k2,Creality K2,Creality K2 impressora 3D,,
impressora,LINKS_AFILIADO_IMPRESSORA.p1s,Bambu Lab P1S,Bambu Lab P1S impressora 3D,,
impressora,LINKS_AFILIADO_IMPRESSORA.x1c,Bambu Lab X1 Carbon,Bambu Lab X1 Carbon impressora 3D,,
peca,LINKS_AFILIADO_PECA.ender3v3se.hotend,Hotend — Creality Ender 3 V3 SE,Hotend Ender 3 V3 SE Creality,,
peca,LINKS_AFILIADO_PECA.ender3v3se.bico,Bico — Creality Ender 3 V3 SE,Bico Ender 3 V3 SE Creality,,
peca,LINKS_AFILIADO_PECA.ender3v3se.mesa,Placa da mesa — Creality Ender 3 V3 SE,Placa da mesa Ender 3 V3 SE Creality,,
peca,LINKS_AFILIADO_PECA.ender3v3se.graxa,Graxa — Creality Ender 3 V3 SE,Graxa Ender 3 V3 SE Creality,,
peca,LINKS_AFILIADO_PECA.kobra3.hotend,Hotend — Anycubic Kobra 3,Hotend Kobra 3 Anycubic,,
peca,LINKS_AFILIADO_PECA.kobra3.bico,Bico — Anycubic Kobra 3,Bico Kobra 3 Anycubic,,
peca,LINKS_AFILIADO_PECA.kobra3.mesa,Placa da mesa — Anycubic Kobra 3,Placa da mesa Kobra 3 Anycubic,,
peca,LINKS_AFILIADO_PECA.kobra3.graxa,Graxa — Anycubic Kobra 3,Graxa Kobra 3 Anycubic,,
peca,LINKS_AFILIADO_PECA.crealityhi.hotend,Hotend — Creality Hi,Hotend Hi Creality,,
peca,LINKS_AFILIADO_PECA.crealityhi.bico,Bico — Creality Hi,Bico Hi Creality,,
peca,LINKS_AFILIADO_PECA.crealityhi.mesa,Placa da mesa — Creality Hi,Placa da mesa Hi Creality,,
peca,LINKS_AFILIADO_PECA.crealityhi.graxa,Graxa — Creality Hi,Graxa Hi Creality,,
peca,LINKS_AFILIADO_PECA.a1mini.hotend,Hotend — Bambu Lab A1 mini,Hotend A1 mini Bambu Lab,,
peca,LINKS_AFILIADO_PECA.a1mini.bico,Bico — Bambu Lab A1 mini,Bico A1 mini Bambu Lab,,
peca,LINKS_AFILIADO_PECA.a1mini.mesa,Placa da mesa — Bambu Lab A1 mini,Placa da mesa A1 mini Bambu Lab,,
peca,LINKS_AFILIADO_PECA.a1mini.graxa,Graxa — Bambu Lab A1 mini,Graxa A1 mini Bambu Lab,,
peca,LINKS_AFILIADO_PECA.a1.hotend,Hotend — Bambu Lab A1,Hotend A1 Bambu Lab,,
peca,LINKS_AFILIADO_PECA.a1.bico,Bico — Bambu Lab A1,Bico A1 Bambu Lab,,
peca,LINKS_AFILIADO_PECA.a1.mesa,Placa da mesa — Bambu Lab A1,Placa da mesa A1 Bambu Lab,,
peca,LINKS_AFILIADO_PECA.a1.graxa,Graxa — Bambu Lab A1,Graxa A1 Bambu Lab,,
peca,LINKS_AFILIADO_PECA.k2.hotend,Hotend — Creality K2,Hotend K2 Creality,,
peca,LINKS_AFILIADO_PECA.k2.bico,Bico — Creality K2,Bico K2 Creality,,
peca,LINKS_AFILIADO_PECA.k2.mesa,Placa da mesa — Creality K2,Placa da mesa K2 Creality,,
peca,LINKS_AFILIADO_PECA.k2.filtro,Filtro de ar — Creality K2,Filtro de ar K2 Creality,,
peca,LINKS_AFILIADO_PECA.k2.graxa,Graxa — Creality K2,Graxa K2 Creality,,
peca,LINKS_AFILIADO_PECA.p1s.hotend,Hotend — Bambu Lab P1S,Hotend P1S Bambu Lab,,
peca,LINKS_AFILIADO_PECA.p1s.bico,Bico — Bambu Lab P1S,Bico P1S Bambu Lab,,
peca,LINKS_AFILIADO_PECA.p1s.mesa,Placa da mesa — Bambu Lab P1S,Placa da mesa P1S Bambu Lab,,
peca,LINKS_AFILIADO_PECA.p1s.filtro,Filtro de ar — Bambu Lab P1S,Filtro de ar P1S Bambu Lab,,
peca,LINKS_AFILIADO_PECA.p1s.graxa,Graxa — Bambu Lab P1S,Graxa P1S Bambu Lab,,
peca,LINKS_AFILIADO_PECA.x1c.hotend,Hotend — Bambu Lab X1 Carbon,Hotend X1 Carbon Bambu Lab,,
peca,LINKS_AFILIADO_PECA.x1c.bico,Bico — Bambu Lab X1 Carbon,Bico X1 Carbon Bambu Lab,,
peca,LINKS_AFILIADO_PECA.x1c.mesa,Placa da mesa — Bambu Lab X1 Carbon,Placa da mesa X1 Carbon Bambu Lab,,
peca,LINKS_AFILIADO_PECA.x1c.filtro,Filtro de ar — Bambu Lab X1 Carbon,Filtro de ar X1 Carbon Bambu Lab,,
peca,LINKS_AFILIADO_PECA.x1c.graxa,Graxa — Bambu Lab X1 Carbon,Graxa X1 Carbon Bambu Lab,,
peca_generica,LINKS_AFILIADO_PECA_GENERICA.hotend,Hotend (genérico),Hotend impressora 3D,,
peca_generica,LINKS_AFILIADO_PECA_GENERICA.bico,Bico (genérico),Bico impressora 3D,,
peca_generica,LINKS_AFILIADO_PECA_GENERICA.mesa,Placa da mesa (genérico),Placa da mesa impressora 3D,,
peca_generica,LINKS_AFILIADO_PECA_GENERICA.filtro,Filtro de ar (genérico),Filtro de ar impressora 3D,,
peca_generica,LINKS_AFILIADO_PECA_GENERICA.graxa,Graxa (genérico),Graxa impressora 3D,,
filamento,LINKS_AFILIADO_FILAMENTO.pla_generico,PLA genérico,PLA genérico filamento impressora 3D,,
filamento,LINKS_AFILIADO_FILAMENTO.petg_generico,PETG genérico,PETG genérico filamento impressora 3D,,
filamento,LINKS_AFILIADO_FILAMENTO.abs_generico,ABS genérico,ABS genérico filamento impressora 3D,,
filamento,LINKS_AFILIADO_FILAMENTO.tpu_generico,TPU genérico,TPU genérico filamento impressora 3D,,
filamento,LINKS_AFILIADO_FILAMENTO.nylon_generico,Nylon genérico,Nylon genérico filamento impressora 3D,,
